[
    {
        "pk": 11,
        "model": "contenttypes.contenttype",
        "fields": {
            "model": "commit",
            "name": "commit",
            "app_label": "gitball"
        }
    },
    {
        "pk": 5,
        "model": "contenttypes.contenttype",
        "fields": {
            "model": "contenttype",
            "name": "content type",
            "app_label": "contenttypes"
        }
    },
    {
        "pk": 2,
        "model": "contenttypes.contenttype",
        "fields": {
            "model": "group",
            "name": "group",
            "app_label": "auth"
        }
    },
    {
        "pk": 7,
        "model": "contenttypes.contenttype",
        "fields": {
            "model": "logentry",
            "name": "log entry",
            "app_label": "admin"
        }
    },
    {
        "pk": 4,
        "model": "contenttypes.contenttype",
        "fields": {
            "model": "message",
            "name": "message",
            "app_label": "auth"
        }
    },
    {
        "pk": 8,
        "model": "contenttypes.contenttype",
        "fields": {
            "model": "migrationhistory",
            "name": "migration history",
            "app_label": "south"
        }
    },
    {
        "pk": 1,
        "model": "contenttypes.contenttype",
        "fields": {
            "model": "permission",
            "name": "permission",
            "app_label": "auth"
        }
    },
    {
        "pk": 10,
        "model": "contenttypes.contenttype",
        "fields": {
            "model": "profile",
            "name": "profile",
            "app_label": "gitball"
        }
    },
    {
        "pk": 9,
        "model": "contenttypes.contenttype",
        "fields": {
            "model": "project",
            "name": "project",
            "app_label": "gitball"
        }
    },
    {
        "pk": 6,
        "model": "contenttypes.contenttype",
        "fields": {
            "model": "session",
            "name": "session",
            "app_label": "sessions"
        }
    },
    {
        "pk": 3,
        "model": "contenttypes.contenttype",
        "fields": {
            "model": "user",
            "name": "user",
            "app_label": "auth"
        }
    },
    {
        "pk": 1,
        "model": "south.migrationhistory",
        "fields": {
            "applied": "2011-07-30 11:15:29",
            "app_name": "gitball",
            "migration": "0001_initial"
        }
    },
    {
        "pk": 2,
        "model": "south.migrationhistory",
        "fields": {
            "applied": "2011-07-30 11:15:29",
            "app_name": "gitball",
            "migration": "0002_auto__del_field_profile_github_url"
        }
    },
    {
        "pk": 3,
        "model": "south.migrationhistory",
        "fields": {
            "applied": "2011-07-30 11:15:30",
            "app_name": "gitball",
            "migration": "0003_auto__add_field_commit_yards__add_field_profile_avatar_url__chg_field_"
        }
    },
    {
        "pk": 1,
        "model": "gitball.project",
        "fields": {
            "url": "https://github.com/benoitc/gunicorn/",
            "name": "gunicorn",
            "slug": "gunicorn"
        }
    },
    {
        "pk": 1,
        "model": "gitball.profile",
        "fields": {
            "passes": 0,
            "avatar_url": "https://secure.gravatar.com/avatar/7129ff665d962af537bf7a01f392396d?d=https://a248.e.akamai.net/assets.github.com%2Fimages%2Fgravatars%2Fgravatar-140.png",
            "user": 1,
            "yards": 1,
            "slug": "tilgovi"
        }
    },
    {
        "pk": 2,
        "model": "gitball.profile",
        "fields": {
            "passes": 0,
            "avatar_url": "https://secure.gravatar.com/avatar/f04edc7cb2099745e5413c754d3d22f5?d=https://a248.e.akamai.net/assets.github.com%2Fimages%2Fgravatars%2Fgravatar-140.png",
            "user": 2,
            "yards": 14,
            "slug": "benoitc"
        }
    },
    {
        "pk": 3,
        "model": "gitball.profile",
        "fields": {
            "passes": 0,
            "avatar_url": "https://secure.gravatar.com/avatar/5843cb4726b9018bdfe71c443a2d5d10?d=https://a248.e.akamai.net/assets.github.com%2Fimages%2Fgravatars%2Fgravatar-140.png",
            "user": 3,
            "yards": 1,
            "slug": "fairview"
        }
    },
    {
        "pk": 4,
        "model": "gitball.profile",
        "fields": {
            "passes": 0,
            "avatar_url": "https://secure.gravatar.com/avatar/62cdb086ed53f39140627efaa6a2d437?d=https://a248.e.akamai.net/assets.github.com%2Fimages%2Fgravatars%2Fgravatar-140.png",
            "user": 4,
            "yards": 1,
            "slug": "keegancsmith"
        }
    },
    {
        "pk": 5,
        "model": "gitball.profile",
        "fields": {
            "passes": 0,
            "avatar_url": "https://secure.gravatar.com/avatar/5f179798125aed44216c613dca5be942?d=https://a248.e.akamai.net/assets.github.com%2Fimages%2Fgravatars%2Fgravatar-140.png",
            "user": 5,
            "yards": 1,
            "slug": "garrison"
        }
    },
    {
        "pk": 6,
        "model": "gitball.profile",
        "fields": {
            "passes": 0,
            "avatar_url": "https://secure.gravatar.com/avatar/7613fb4886bd0155fe1f553f6509d876?d=https://a248.e.akamai.net/assets.github.com%2Fimages%2Fgravatars%2Fgravatar-140.png",
            "user": 6,
            "yards": 7,
            "slug": "davisp"
        }
    },
    {
        "pk": 7,
        "model": "gitball.profile",
        "fields": {
            "passes": 0,
            "avatar_url": "https://secure.gravatar.com/avatar/52ada895c832ea1ec1fd986947b4d2c5?d=https://a248.e.akamai.net/assets.github.com%2Fimages%2Fgravatars%2Fgravatar-140.png",
            "user": 7,
            "yards": 1,
            "slug": "wolph"
        }
    },
    {
        "pk": 8,
        "model": "gitball.profile",
        "fields": {
            "passes": 0,
            "avatar_url": "https://secure.gravatar.com/avatar/ccf35211b9e3a1f0026f33c3a881cd85?d=https://a248.e.akamai.net/assets.github.com%2Fimages%2Fgravatars%2Fgravatar-140.png",
            "user": 8,
            "yards": 1,
            "slug": "akavlie"
        }
    },
    {
        "pk": 9,
        "model": "gitball.profile",
        "fields": {
            "passes": 0,
            "avatar_url": "",
            "user": 9,
            "yards": 0,
            "slug": "macro"
        }
    },
    {
        "pk": 1,
        "model": "gitball.commit",
        "fields": {
            "project": 1,
            "sha": "21f7282128b372d111e751197c5d74cdaa7141af",
            "user": 1,
            "yards": 1
        }
    },
    {
        "pk": 2,
        "model": "gitball.commit",
        "fields": {
            "project": 1,
            "sha": "4c2267b0a11e25c2c611e5dd34b716321447c54d",
            "user": 2,
            "yards": 1
        }
    },
    {
        "pk": 3,
        "model": "gitball.commit",
        "fields": {
            "project": 1,
            "sha": "7e9f8b5b02f132643f63941c02f06cf230287e5f",
            "user": 3,
            "yards": 1
        }
    },
    {
        "pk": 4,
        "model": "gitball.commit",
        "fields": {
            "project": 1,
            "sha": "1a796ebbc6b980a7b9f44cdb95b04012d24b63e6",
            "user": 2,
            "yards": 1
        }
    },
    {
        "pk": 5,
        "model": "gitball.commit",
        "fields": {
            "project": 1,
            "sha": "0f53a83f4962a072efe22fe7dea2555c48c89bfc",
            "user": 2,
            "yards": 1
        }
    },
    {
        "pk": 6,
        "model": "gitball.commit",
        "fields": {
            "project": 1,
            "sha": "133a85e4ee2125ee0bbccfaf7451a3b85e720f3c",
            "user": 4,
            "yards": 1
        }
    },
    {
        "pk": 7,
        "model": "gitball.commit",
        "fields": {
            "project": 1,
            "sha": "087647dc88449417d8c3855a12bd458ebd8d1798",
            "user": 5,
            "yards": 1
        }
    },
    {
        "pk": 8,
        "model": "gitball.commit",
        "fields": {
            "project": 1,
            "sha": "9d65513f33bfa51f4c1b15a60baee03f2c76ca92",
            "user": 6,
            "yards": 1
        }
    },
    {
        "pk": 9,
        "model": "gitball.commit",
        "fields": {
            "project": 1,
            "sha": "0923a5217185cf4d18b3c03bde86413e9add3714",
            "user": 6,
            "yards": 1
        }
    },
    {
        "pk": 10,
        "model": "gitball.commit",
        "fields": {
            "project": 1,
            "sha": "6d69509bb6777d7b253d3371f0069d30e9930056",
            "user": 6,
            "yards": 1
        }
    },
    {
        "pk": 11,
        "model": "gitball.commit",
        "fields": {
            "project": 1,
            "sha": "e1e634a8aae004fccdc337b14207f9895edc1531",
            "user": 6,
            "yards": 1
        }
    },
    {
        "pk": 12,
        "model": "gitball.commit",
        "fields": {
            "project": 1,
            "sha": "7ffa097cf7af5ca74c024dca46986741e2a6b0b1",
            "user": 6,
            "yards": 1
        }
    },
    {
        "pk": 13,
        "model": "gitball.commit",
        "fields": {
            "project": 1,
            "sha": "fc300cc23c4c84a743c228202b64379d1621005e",
            "user": 2,
            "yards": 1
        }
    },
    {
        "pk": 14,
        "model": "gitball.commit",
        "fields": {
            "project": 1,
            "sha": "76aef105d579f35915edb2b39378818bec03f0af",
            "user": 2,
            "yards": 1
        }
    },
    {
        "pk": 15,
        "model": "gitball.commit",
        "fields": {
            "project": 1,
            "sha": "179b87639cb9c6b8ac60866dd37b346b557796e5",
            "user": 7,
            "yards": 1
        }
    },
    {
        "pk": 16,
        "model": "gitball.commit",
        "fields": {
            "project": 1,
            "sha": "980792c8af8f87bcee302567543fd1f5f0bdbc94",
            "user": 2,
            "yards": 1
        }
    },
    {
        "pk": 17,
        "model": "gitball.commit",
        "fields": {
            "project": 1,
            "sha": "6fa1c52aaad1c98c85d5a427df15f25566de0a49",
            "user": 2,
            "yards": 1
        }
    },
    {
        "pk": 18,
        "model": "gitball.commit",
        "fields": {
            "project": 1,
            "sha": "78e3d08f960c3337c6ef9030cea916dd9a5870d3",
            "user": 2,
            "yards": 1
        }
    },
    {
        "pk": 19,
        "model": "gitball.commit",
        "fields": {
            "project": 1,
            "sha": "d79b2dce3f451910082dee5577a24a378c7f6b3f",
            "user": 2,
            "yards": 1
        }
    },
    {
        "pk": 20,
        "model": "gitball.commit",
        "fields": {
            "project": 1,
            "sha": "c74894f2a15112110a100e871c7c40690796c78a",
            "user": 8,
            "yards": 1
        }
    },
    {
        "pk": 21,
        "model": "gitball.commit",
        "fields": {
            "project": 1,
            "sha": "4ecc1441b90b6cdc74260a36e82ab9433c138eb4",
            "user": 2,
            "yards": 1
        }
    },
    {
        "pk": 22,
        "model": "gitball.commit",
        "fields": {
            "project": 1,
            "sha": "a65bf395ae7f2d60bceef3cd1f38cea9355583f0",
            "user": 2,
            "yards": 1
        }
    },
    {
        "pk": 23,
        "model": "gitball.commit",
        "fields": {
            "project": 1,
            "sha": "c17f7230e8307b92e121e8003d161148025b03f8",
            "user": 2,
            "yards": 1
        }
    },
    {
        "pk": 24,
        "model": "gitball.commit",
        "fields": {
            "project": 1,
            "sha": "fc69d5e17ce82203bedbb6036172a39ed150da8d",
            "user": 2,
            "yards": 1
        }
    },
    {
        "pk": 25,
        "model": "gitball.commit",
        "fields": {
            "project": 1,
            "sha": "fcab6bc144c22da097e0ca9e273a175d892f9c1d",
            "user": 2,
            "yards": 1
        }
    },
    {
        "pk": 26,
        "model": "gitball.commit",
        "fields": {
            "project": 1,
            "sha": "6e13a0fcd94b41fe0a26d3cea7cdd8e183e4aab3",
            "user": 6,
            "yards": 1
        }
    },
    {
        "pk": 27,
        "model": "gitball.commit",
        "fields": {
            "project": 1,
            "sha": "e22daee0567bf5a1aadcb02dd1b75f9705e38b71",
            "user": 6,
            "yards": 1
        }
    },
    {
        "pk": 19,
        "model": "auth.permission",
        "fields": {
            "codename": "add_logentry",
            "name": "Can add log entry",
            "content_type": 7
        }
    },
    {
        "pk": 20,
        "model": "auth.permission",
        "fields": {
            "codename": "change_logentry",
            "name": "Can change log entry",
            "content_type": 7
        }
    },
    {
        "pk": 21,
        "model": "auth.permission",
        "fields": {
            "codename": "delete_logentry",
            "name": "Can delete log entry",
            "content_type": 7
        }
    },
    {
        "pk": 4,
        "model": "auth.permission",
        "fields": {
            "codename": "add_group",
            "name": "Can add group",
            "content_type": 2
        }
    },
    {
        "pk": 5,
        "model": "auth.permission",
        "fields": {
            "codename": "change_group",
            "name": "Can change group",
            "content_type": 2
        }
    },
    {
        "pk": 6,
        "model": "auth.permission",
        "fields": {
            "codename": "delete_group",
            "name": "Can delete group",
            "content_type": 2
        }
    },
    {
        "pk": 10,
        "model": "auth.permission",
        "fields": {
            "codename": "add_message",
            "name": "Can add message",
            "content_type": 4
        }
    },
    {
        "pk": 11,
        "model": "auth.permission",
        "fields": {
            "codename": "change_message",
            "name": "Can change message",
            "content_type": 4
        }
    },
    {
        "pk": 12,
        "model": "auth.permission",
        "fields": {
            "codename": "delete_message",
            "name": "Can delete message",
            "content_type": 4
        }
    },
    {
        "pk": 1,
        "model": "auth.permission",
        "fields": {
            "codename": "add_permission",
            "name": "Can add permission",
            "content_type": 1
        }
    },
    {
        "pk": 2,
        "model": "auth.permission",
        "fields": {
            "codename": "change_permission",
            "name": "Can change permission",
            "content_type": 1
        }
    },
    {
        "pk": 3,
        "model": "auth.permission",
        "fields": {
            "codename": "delete_permission",
            "name": "Can delete permission",
            "content_type": 1
        }
    },
    {
        "pk": 7,
        "model": "auth.permission",
        "fields": {
            "codename": "add_user",
            "name": "Can add user",
            "content_type": 3
        }
    },
    {
        "pk": 8,
        "model": "auth.permission",
        "fields": {
            "codename": "change_user",
            "name": "Can change user",
            "content_type": 3
        }
    },
    {
        "pk": 9,
        "model": "auth.permission",
        "fields": {
            "codename": "delete_user",
            "name": "Can delete user",
            "content_type": 3
        }
    },
    {
        "pk": 13,
        "model": "auth.permission",
        "fields": {
            "codename": "add_contenttype",
            "name": "Can add content type",
            "content_type": 5
        }
    },
    {
        "pk": 14,
        "model": "auth.permission",
        "fields": {
            "codename": "change_contenttype",
            "name": "Can change content type",
            "content_type": 5
        }
    },
    {
        "pk": 15,
        "model": "auth.permission",
        "fields": {
            "codename": "delete_contenttype",
            "name": "Can delete content type",
            "content_type": 5
        }
    },
    {
        "pk": 31,
        "model": "auth.permission",
        "fields": {
            "codename": "add_commit",
            "name": "Can add commit",
            "content_type": 11
        }
    },
    {
        "pk": 32,
        "model": "auth.permission",
        "fields": {
            "codename": "change_commit",
            "name": "Can change commit",
            "content_type": 11
        }
    },
    {
        "pk": 33,
        "model": "auth.permission",
        "fields": {
            "codename": "delete_commit",
            "name": "Can delete commit",
            "content_type": 11
        }
    },
    {
        "pk": 28,
        "model": "auth.permission",
        "fields": {
            "codename": "add_profile",
            "name": "Can add profile",
            "content_type": 10
        }
    },
    {
        "pk": 29,
        "model": "auth.permission",
        "fields": {
            "codename": "change_profile",
            "name": "Can change profile",
            "content_type": 10
        }
    },
    {
        "pk": 30,
        "model": "auth.permission",
        "fields": {
            "codename": "delete_profile",
            "name": "Can delete profile",
            "content_type": 10
        }
    },
    {
        "pk": 25,
        "model": "auth.permission",
        "fields": {
            "codename": "add_project",
            "name": "Can add project",
            "content_type": 9
        }
    },
    {
        "pk": 26,
        "model": "auth.permission",
        "fields": {
            "codename": "change_project",
            "name": "Can change project",
            "content_type": 9
        }
    },
    {
        "pk": 27,
        "model": "auth.permission",
        "fields": {
            "codename": "delete_project",
            "name": "Can delete project",
            "content_type": 9
        }
    },
    {
        "pk": 16,
        "model": "auth.permission",
        "fields": {
            "codename": "add_session",
            "name": "Can add session",
            "content_type": 6
        }
    },
    {
        "pk": 17,
        "model": "auth.permission",
        "fields": {
            "codename": "change_session",
            "name": "Can change session",
            "content_type": 6
        }
    },
    {
        "pk": 18,
        "model": "auth.permission",
        "fields": {
            "codename": "delete_session",
            "name": "Can delete session",
            "content_type": 6
        }
    },
    {
        "pk": 22,
        "model": "auth.permission",
        "fields": {
            "codename": "add_migrationhistory",
            "name": "Can add migration history",
            "content_type": 8
        }
    },
    {
        "pk": 23,
        "model": "auth.permission",
        "fields": {
            "codename": "change_migrationhistory",
            "name": "Can change migration history",
            "content_type": 8
        }
    },
    {
        "pk": 24,
        "model": "auth.permission",
        "fields": {
            "codename": "delete_migrationhistory",
            "name": "Can delete migration history",
            "content_type": 8
        }
    },
    {
        "pk": 1,
        "model": "auth.user",
        "fields": {
            "username": "tilgovi",
            "first_name": "Randall",
            "last_name": "Leeds",
            "is_active": true,
            "is_superuser": false,
            "is_staff": false,
            "last_login": "2011-07-30 04:15:37",
            "groups": [],
            "user_permissions": [],
            "password": "",
            "email": "randall@meebo-inc.com",
            "date_joined": "2011-07-30 04:15:37"
        }
    },
    {
        "pk": 2,
        "model": "auth.user",
        "fields": {
            "username": "benoitc",
            "first_name": "benoitc",
            "last_name": "benoitc",
            "is_active": true,
            "is_superuser": false,
            "is_staff": false,
            "last_login": "2011-07-30 04:15:37",
            "groups": [],
            "user_permissions": [],
            "password": "",
            "email": "bchesneau@gmail.com",
            "date_joined": "2011-07-30 04:15:37"
        }
    },
    {
        "pk": 3,
        "model": "auth.user",
        "fields": {
            "username": "fairview",
            "first_name": "John",
            "last_name": "Hensley",
            "is_active": true,
            "is_superuser": false,
            "is_staff": false,
            "last_login": "2011-07-30 04:15:37",
            "groups": [],
            "user_permissions": [],
            "password": "",
            "email": "john@fairviewcomputing.com",
            "date_joined": "2011-07-30 04:15:37"
        }
    },
    {
        "pk": 4,
        "model": "auth.user",
        "fields": {
            "username": "keegancsmith",
            "first_name": "Keegan",
            "last_name": "Carruthers-Smith",
            "is_active": true,
            "is_superuser": false,
            "is_staff": false,
            "last_login": "2011-07-30 04:15:37",
            "groups": [],
            "user_permissions": [],
            "password": "",
            "email": "keegan.csmith@gmail.com",
            "date_joined": "2011-07-30 04:15:37"
        }
    },
    {
        "pk": 5,
        "model": "auth.user",
        "fields": {
            "username": "garrison",
            "first_name": "Jim",
            "last_name": "Garrison",
            "is_active": true,
            "is_superuser": false,
            "is_staff": false,
            "last_login": "2011-07-30 04:15:37",
            "groups": [],
            "user_permissions": [],
            "password": "",
            "email": "jim@garrison.cc",
            "date_joined": "2011-07-30 04:15:37"
        }
    },
    {
        "pk": 6,
        "model": "auth.user",
        "fields": {
            "username": "davisp",
            "first_name": "Paul",
            "last_name": "Davis",
            "is_active": true,
            "is_superuser": false,
            "is_staff": false,
            "last_login": "2011-07-30 04:15:38",
            "groups": [],
            "user_permissions": [],
            "password": "",
            "email": "paul.joseph.davis@gmail.com",
            "date_joined": "2011-07-30 04:15:38"
        }
    },
    {
        "pk": 7,
        "model": "auth.user",
        "fields": {
            "username": "WoLpH",
            "first_name": "WoLpH",
            "last_name": "WoLpH",
            "is_active": true,
            "is_superuser": false,
            "is_staff": false,
            "last_login": "2011-07-30 04:15:38",
            "groups": [],
            "user_permissions": [],
            "password": "",
            "email": "rick@fawo.nl",
            "date_joined": "2011-07-30 04:15:38"
        }
    },
    {
        "pk": 8,
        "model": "auth.user",
        "fields": {
            "username": "akavlie",
            "first_name": "Aaron",
            "last_name": "Kavlie",
            "is_active": true,
            "is_superuser": false,
            "is_staff": false,
            "last_login": "2011-07-30 04:15:38",
            "groups": [],
            "user_permissions": [],
            "password": "",
            "email": "akavlie@gmail.com",
            "date_joined": "2011-07-30 04:15:38"
        }
    },
    {
        "pk": 9,
        "model": "auth.user",
        "fields": {
            "username": "macro",
            "first_name": "",
            "last_name": "",
            "is_active": true,
            "is_superuser": true,
            "is_staff": true,
            "last_login": "2011-07-30 04:17:30",
            "groups": [],
            "user_permissions": [],
            "password": "sha1$9b1ce$d2db92e7afc4d98614564ccf111911dd6db15f00",
            "email": "nchintomby@gmail.com",
            "date_joined": "2011-07-30 04:17:30"
        }
    }
]